{"schemaVersion":"1.0","appDefinitionTemplate":{"id":"/providers/Microsoft.PowerApps/apps/","type":"Microsoft.PowerApps/apps","tags":{"primaryDeviceWidth":"1366","primaryDeviceHeight":"768","supportsPortrait":"true","supportsLandscape":"true","primaryFormFactor":"Tablet","showStatusBar":"false","publisherVersion":"3.26014.7","minimumRequiredApiVersion":"2.2.0","hasComponent":"false","hasUnlockedComponent":"false","isUnifiedRootApp":"false","sienaVersion":"20260206T182119Z-3.26014.7.0"},"properties":{"appVersion":"2026-02-06T18:21:19Z","lifeCycleId":"Published","createdByClientVersion":{"major":3,"minor":26014,"build":7,"revision":0,"majorRevision":0,"minorRevision":0},"minClientVersion":{"major":3,"minor":26014,"build":7,"revision":0,"majorRevision":0,"minorRevision":0},"backgroundColor":"rgba(255, 255, 255, 1)","backgroundImageUri":"/18066527276087247357/N9712246b-b0be-40b3-bdbe-7077e42307ec-logoSmallFile","displayName":"Biblioteca RMM","description":"Este sistema tem como objetivo facilitar o acesso ao acervo de livros disponíveis pelo RMM Advogados, usufrua e devolva os livros para manter um bom acervo.","commitMessage":"","appUris":{"documentUri":{"value":"/18066527276087247357/N280ba274-b58d-496d-b006-894ff8ee228b-document.msapp"},"imageUris":[],"additionalUris":[{"isSolutionAware":false,"value":"/18066527276087247357/N7e4335a1-b0ec-4967-b3cf-eb53cc3dead1-identity.json"}]},"createdTime":"0001-01-01T00:00:00Z","lastModifiedTime":"0001-01-01T00:00:00Z","sharedGroupsCount":0,"sharedUsersCount":0,"connectionReferences":{"bc645efe-b845-4080-b3a8-6f32b347cc0b":{"id":"f7f81a82-a0af-4cd4-b663-c519d9a1b481","displayName":"SharePoint","iconUri":"https://conn-afd-prod-endpoint-bmc9bqahasf3grgk.b01.azurefd.net/v1.0.1779/1.0.1779.4440/sharepointonline/icon.png","dataSources":["ListaLivros","ListaLivrosEmprestimo"],"dependencies":[],"dependents":[],"parameterHints":{},"parameterHintsV2":{},"isOnPremiseConnection":false,"bypassConsent":false,"dataSets":{"https://rmmadvogados.sharepoint.com/sites/APPS":{"dataSources":{"ListaLivros":{"tableName":"0e514d9b-0db1-4f00-9b50-7d20f75fae4d"},"ListaLivrosEmprestimo":{"tableName":"0ba8c1cf-5620-40b9-9923-f8eaa76ed14e"}}}},"apiTier":"Standard","isCustomApiConnection":false,"actions":["providers/PowerPlatform.Governance/Operations/Read","providers/PowerPlatform.Governance/Operations/Write"]}},"databaseReferences":{},"almMode":"Environment","performanceOptimizationEnabled":true,"canConsumeAppPass":true,"enableModernRuntimeMode":false,"executionRestrictions":{"isTeamsOnly":false,"dataLossPreventionEvaluationResult":{"status":"Compliant","lastEvaluationDate":"2026-02-03T16:02:08.681867Z","violations":[],"violationsByPolicy":[],"violationErrorMessage":"The app uses the following connectors: shared_sharepointonline."}}},"isAppComponentLibrary":false,"appType":"ClassicCanvasApp","appComponents":[]}}